TotalProfit, TotalIncome, TotalCost
24491.73938, 136498.0323, 112006.2929
55008.40881, 174703.728, 119695.3192
52008.40881, 174703.728, 122695.3192
1306.299525, 121967.1706, 120660.8711
-1693.700475, 121967.1706, 123660.8711
55125.1899, 174039.7636, 118914.5737
52125.1899, 174039.7636, 121914.5737
1553.241035, 121863.9443, 120310.7033
-1446.758965, 121863.9443, 123310.7033
